{
  "test": {
    "loss": 0.6954424381256104,
    "accuracy": 0.5,
    "f1": 0.6666666666666666,
    "auc": 0.52,
    "eer": 40.00000000000001,
    "per_lang": {
      "Other": {
        "eer": 40.00000000000001,
        "auc": 0.52,
        "accuracy": 0.5,
        "n": 10
      }
    }
  },
  "best_val_eer": 57.14285714281808
}